Workbook

Sheet Sheet1
A1: S4赛季异色表 | F1: S4异色属性池刷取列表
A2: 精灵名称 | B2: 类别 | C2: 属性1 | D2: 属性2 | F2: 属性 | G2: 命中异色 | H2: 可选刷取精灵 | I2: 赛季奇遇 | J2: 常驻异色
A3: 章脑丸 | B3: S4赛季奇遇 | C3: 光 | D3: 水 | F3: 光 | G3: =COUNTIF(C:C,F3)+COUNTIF(D:D,F3) -> 2 | H3: {=_xlfn.TEXTJOIN(", ",TRUE,_xlfn._xlws.FILTER(高星光值精灵一览!E:E,高星光值精灵一览!B:B=F3))} -> 白金独角兽60 | I3: {=IFERROR(_xlfn.TEXTJOIN("、",TRUE,_xlfn._xlws.FILTER($A$2:$A$100,(($C$2:$C$100=F3)+($D$2:$D$100=F3))*($B$2:$B$100="S4赛季奇遇"))),"")} -> 章脑丸、布灵 | J3: {=IFERROR(_xlfn.TEXTJOIN("、",TRUE,_xlfn._xlws.FILTER($A$2:$A$100,(($C$2:$C$100=F3)+($D$2:$D$100=F3))*($B$2:$B$100="S4常驻异色"))),"")}
A4: 量风碗 | B4: S4赛季奇遇 | C4: 翼 | D4: 机械 | F4: 翼 | G4: =COUNTIF(C:C,F4)+COUNTIF(D:D,F4) -> 2 | H4: {=_xlfn.TEXTJOIN(", ",TRUE,_xlfn._xlws.FILTER(高星光值精灵一览!E:E,高星光值精灵一览!B:B=F4))} -> 星云旅者80, 锤头鹳60, 高脚鹬60 | I4: {=IFERROR(_xlfn.TEXTJOIN("、",TRUE,_xlfn._xlws.FILTER($A$2:$A$100,(($C$2:$C$100=F4)+($D$2:$D$100=F4))*($B$2:$B$100="S4赛季奇遇"))),"")} -> 量风碗 | J4: {=IFERROR(_xlfn.TEXTJOIN("、",TRUE,_xlfn._xlws.FILTER($A$2:$A$100,(($C$2:$C$100=F4)+($D$2:$D$100=F4))*($B$2:$B$100="S4常驻异色"))),"")} -> 觅觅蝠
A5: 幽铃 | B5: S4赛季奇遇 | C5: 幽 | F5: 幽 | G5: =COUNTIF(C:C,F5)+COUNTIF(D:D,F5) -> 3 | H5: {=_xlfn.TEXTJOIN(", ",TRUE,_xlfn._xlws.FILTER(高星光值精灵一览!E:E,高星光值精灵一览!B:B=F5))} -> 梦悠悠60, 秩序鱿墨60 | I5: {=IFERROR(_xlfn.TEXTJOIN("、",TRUE,_xlfn._xlws.FILTER($A$2:$A$100,(($C$2:$C$100=F5)+($D$2:$D$100=F5))*($B$2:$B$100="S4赛季奇遇"))),"")} -> 幽铃、未完虫 | J5: {=IFERROR(_xlfn.TEXTJOIN("、",TRUE,_xlfn._xlws.FILTER($A$2:$A$100,(($C$2:$C$100=F5)+($D$2:$D$100=F5))*($B$2:$B$100="S4常驻异色"))),"")} -> 小灵菇
A6: 未完虫 | B6: S4赛季奇遇 | C6: 幽 | D6: 虫 | F6: 恶 | G6: =COUNTIF(C:C,F6)+COUNTIF(D:D,F6) -> 3 | H6: {=_xlfn.TEXTJOIN(", ",TRUE,_xlfn._xlws.FILTER(高星光值精灵一览!E:E,高星光值精灵一览!B:B=F6))} -> 恶魔狼80, 乌拉塔60, 朔夜伊芙80 | I6: {=IFERROR(_xlfn.TEXTJOIN("、",TRUE,_xlfn._xlws.FILTER($A$2:$A$100,(($C$2:$C$100=F6)+($D$2:$D$100=F6))*($B$2:$B$100="S4赛季奇遇"))),"")} -> 小浣蛋 | J6: {=IFERROR(_xlfn.TEXTJOIN("、",TRUE,_xlfn._xlws.FILTER($A$2:$A$100,(($C$2:$C$100=F6)+($D$2:$D$100=F6))*($B$2:$B$100="S4常驻异色"))),"")} -> 芽眼魔、瑰眼仔
A7: 小浣蛋 | B7: S4赛季奇遇 | C7: 恶 | F7: 幻 | G7: =COUNTIF(C:C,F7)+COUNTIF(D:D,F7) -> 3 | H7: {=_xlfn.TEXTJOIN(", ",TRUE,_xlfn._xlws.FILTER(高星光值精灵一览!E:E,高星光值精灵一览!B:B=F7))} -> 粉耳星兔80, 帅帅魔偶60 | I7: {=IFERROR(_xlfn.TEXTJOIN("、",TRUE,_xlfn._xlws.FILTER($A$2:$A$100,(($C$2:$C$100=F7)+($D$2:$D$100=F7))*($B$2:$B$100="S4赛季奇遇"))),"")} -> 星星眼、玳龟、布灵 | J7: {=IFERROR(_xlfn.TEXTJOIN("、",TRUE,_xlfn._xlws.FILTER($A$2:$A$100,(($C$2:$C$100=F7)+($D$2:$D$100=F7))*($B$2:$B$100="S4常驻异色"))),"")}
A8: 星星眼 | B8: S4赛季奇遇 | C8: 幻 | F8: 普通 | G8: =COUNTIF(C:C,F8)+COUNTIF(D:D,F8) -> 1 | H8: {=_xlfn.TEXTJOIN(", ",TRUE,_xlfn._xlws.FILTER(高星光值精灵一览!E:E,高星光值精灵一览!B:B=F8))} -> 公平鸽56 | I8: {=IFERROR(_xlfn.TEXTJOIN("、",TRUE,_xlfn._xlws.FILTER($A$2:$A$100,(($C$2:$C$100=F8)+($D$2:$D$100=F8))*($B$2:$B$100="S4赛季奇遇"))),"")} | J8: {=IFERROR(_xlfn.TEXTJOIN("、",TRUE,_xlfn._xlws.FILTER($A$2:$A$100,(($C$2:$C$100=F8)+($D$2:$D$100=F8))*($B$2:$B$100="S4常驻异色"))),"")} -> 小黑猫
A9: 玳龟 | B9: S4赛季奇遇 | C9: 幻 | F9: 毒 | G9: =COUNTIF(C:C,F9)+COUNTIF(D:D,F9) -> 1 | H9: {=_xlfn.TEXTJOIN(", ",TRUE,_xlfn._xlws.FILTER(高星光值精灵一览!E:E,高星光值精灵一览!B:B=F9))} -> 裘卡60, 厉毒修萝60 | I9: {=IFERROR(_xlfn.TEXTJOIN("、",TRUE,_xlfn._xlws.FILTER($A$2:$A$100,(($C$2:$C$100=F9)+($D$2:$D$100=F9))*($B$2:$B$100="S4赛季奇遇"))),"")} | J9: {=IFERROR(_xlfn.TEXTJOIN("、",TRUE,_xlfn._xlws.FILTER($A$2:$A$100,(($C$2:$C$100=F9)+($D$2:$D$100=F9))*($B$2:$B$100="S4常驻异色"))),"")} -> 刺轮砣
A10: 布灵 | B10: S4赛季奇遇 | C10: 幻 | D10: 光 | F10: 萌 | G10: =COUNTIF(C:C,F10)+COUNTIF(D:D,F10) -> 2 | H10: {=_xlfn.TEXTJOIN(", ",TRUE,_xlfn._xlws.FILTER(高星光值精灵一览!E:E,高星光值精灵一览!B:B=F10))} -> 菊花梨56 | I10: {=IFERROR(_xlfn.TEXTJOIN("、",TRUE,_xlfn._xlws.FILTER($A$2:$A$100,(($C$2:$C$100=F10)+($D$2:$D$100=F10))*($B$2:$B$100="S4赛季奇遇"))),"")} | J10: {=IFERROR(_xlfn.TEXTJOIN("、",TRUE,_xlfn._xlws.FILTER($A$2:$A$100,(($C$2:$C$100=F10)+($D$2:$D$100=F10))*($B$2:$B$100="S4常驻异色"))),"")} -> 刺轮砣、逗逗
A11: 小黑猫 | B11: S4常驻异色 | C11: 普通 | F11: 机械 | G11: =COUNTIF(C:C,F11)+COUNTIF(D:D,F11) -> 2 | H11: {=_xlfn.TEXTJOIN(", ",TRUE,_xlfn._xlws.FILTER(高星光值精灵一览!E:E,高星光值精灵一览!B:B=F11))} -> 迷迷箱怪80, 波多西80 | I11: {=IFERROR(_xlfn.TEXTJOIN("、",TRUE,_xlfn._xlws.FILTER($A$2:$A$100,(($C$2:$C$100=F11)+($D$2:$D$100=F11))*($B$2:$B$100="S4赛季奇遇"))),"")} -> 量风碗 | J11: {=IFERROR(_xlfn.TEXTJOIN("、",TRUE,_xlfn._xlws.FILTER($A$2:$A$100,(($C$2:$C$100=F11)+($D$2:$D$100=F11))*($B$2:$B$100="S4常驻异色"))),"")} -> 叮叮卯
A12: 刺轮砣 | B12: S4常驻异色 | C12: 毒 | D12: 萌 | F12: 水 | G12: =COUNTIF(C:C,F12)+COUNTIF(D:D,F12) -> 2 | H12: {=_xlfn.TEXTJOIN(", ",TRUE,_xlfn._xlws.FILTER(高星光值精灵一览!E:E,高星光值精灵一览!B:B=F12))} -> 彩蝶鲨60, 龙鱼60, 深蓝鲸60 | I12: {=IFERROR(_xlfn.TEXTJOIN("、",TRUE,_xlfn._xlws.FILTER($A$2:$A$100,(($C$2:$C$100=F12)+($D$2:$D$100=F12))*($B$2:$B$100="S4赛季奇遇"))),"")} -> 章脑丸 | J12: {=IFERROR(_xlfn.TEXTJOIN("、",TRUE,_xlfn._xlws.FILTER($A$2:$A$100,(($C$2:$C$100=F12)+($D$2:$D$100=F12))*($B$2:$B$100="S4常驻异色"))),"")} -> 芽眼魔
A13: 觅觅蝠 | B13: S4常驻异色 | C13: 翼 | F13: 虫 | G13: =COUNTIF(C:C,F13)+COUNTIF(D:D,F13) -> 3 | H13: {=_xlfn.TEXTJOIN(", ",TRUE,_xlfn._xlws.FILTER(高星光值精灵一览!E:E,高星光值精灵一览!B:B=F13))} -> 铠甲虫60, 化蝶60, 花衣蝶60, 恶魔红钻60, 芋香巨角蛛60 | I13: {=IFERROR(_xlfn.TEXTJOIN("、",TRUE,_xlfn._xlws.FILTER($A$2:$A$100,(($C$2:$C$100=F13)+($D$2:$D$100=F13))*($B$2:$B$100="S4赛季奇遇"))),"")} -> 未完虫 | J13: {=IFERROR(_xlfn.TEXTJOIN("、",TRUE,_xlfn._xlws.FILTER($A$2:$A$100,(($C$2:$C$100=F13)+($D$2:$D$100=F13))*($B$2:$B$100="S4常驻异色"))),"")} -> 瑰眼仔、叮叮卯
A14: 逗逗 | B14: S4常驻异色 | C14: 萌
A15: 小灵菇 | B15: S4常驻异色 | C15: 幽
A16: 芽眼魔 | B16: S4常驻异色 | C16: 恶 | D16: 水
A17: 瑰眼仔 | B17: S4常驻异色 | C17: 恶 | D17: 虫
A18: 叮叮卯 | B18: S4常驻异色 | C18: 机械 | D18: 虫

Sheet 高星光值精灵一览
A1: 属性池列表
A2: 精灵 | B2: 第一属性 | C2: 星光值 | D2: 金币 | E2: 返回值 | F2: 获取方式
A3: 梦悠悠 | B3: 幽 | C3: 60 | D3: 4500 | E3: =A3&C3 -> 梦悠悠60 | F3: 抓20只最高阶课题领取
A4: 秩序鱿墨 | B4: 幽 | C4: 60 | D4: 4500 | E4: =A4&C4 -> 秩序鱿墨60 | F4: 图鉴数量奖励
A5: 星云旅者 | B5: 翼 | C5: 80 | D5: 6000 | E5: =A5&C5 -> 星云旅者80 | F5: 抓20只最高阶课题领取
A6: 锤头鹳 | B6: 翼 | C6: 60 | D6: 4500 | E6: =A6&C6 -> 锤头鹳60 | F6: 抓20只最高阶课题领取
A7: 高脚鹬 | B7: 翼 | C7: 60 | D7: 4500 | E7: =A7&C7 -> 高脚鹬60 | F7: 抓20只最高阶课题领取
A8: 怒目怂猫 | B8: 武 | C8: 40 | D8: 3000 | E8: =A8&C8 -> 怒目怂猫40 | F8: 抓20只最高阶课题领取
A9: 海豹船长 | B9: 武 | C9: 40 | D9: 3000 | E9: =A9&C9 -> 海豹船长40 | F9: 抓20只最高阶课题领取
A10: 彩蝶鲨 | B10: 水 | C10: 60 | D10: 4500 | E10: =A10&C10 -> 彩蝶鲨60 | F10: 抓20只最高阶课题领取
A11: 龙鱼 | B11: 水 | C11: 60 | D11: 4500 | E11: =A11&C11 -> 龙鱼60 | F11: 抓20只最高阶课题领取
A12: 深蓝鲸 | B12: 水 | C12: 60 | D12: 4500 | E12: =A12&C12 -> 深蓝鲸60 | F12: 图鉴数量奖励
A13: 公平鸽 | B13: 普通 | C13: 56 | D13: 4200 | E13: =A13&C13 -> 公平鸽56 | F13: 抓20只最高阶课题领取
A14: 菊花梨 | B14: 萌 | C14: 56 | D14: 4200 | E14: =A14&C14 -> 菊花梨56 | F14: 抓20只最高阶课题领取
... A47: 月牙雪熊 | B47: 冰 | C47: 60 | D47: 4500 | E47: =A47&C47 -> 月牙雪熊60 | F47: S1赛季奇遇
